,title,company_name,location,date_of_submission,url,search_date
0,Java/J2EE Technical Lead- German Speaker,Infosys Technologies Ltd,"Frankfurt, Hessen",2017-03-20T12:00,http://stellenanzeige.monster.de/java-j2ee-technical-lead-german-speaker-job-frankfurt-hessen-deutschland-170128785.aspx?mescoid=1100041001001&jobPosition=1,27/03/2017
1,"Consultant JAVA / JEE / JAVA SE, JAVA EE, Seam, jBPM, ESB, Hibernate (m/w)",Vesterling Personalberatung,"Dortmund, Nordrhein-Westfalen",2017-03-17T12:00,http://stellenanzeige.monster.de/consultant-java-jee-java-se-java-ee-seam-jbpm-esb-hibernate-m-w-job-dortmund-nordrhein-westfalen-deutschland-167877974.aspx?mescoid=1500127001001&jobPosition=1,27/03/2017
2,JAVA / JAVA EE Softwareentwickler / komplexe Java Anwendung im Medizinbereich / Inhouse (m/w),Vesterling Personalberatung,"München, Bayern",2017-03-17T12:00,http://stellenanzeige.monster.de/java-java-ee-softwareentwickler-komplexe-java-anwendung-im-medizinbereich-inhouse-m-w-job-m%C3%BCnchen-bayern-deutschland-167877839.aspx?mescoid=1500127001001&jobPosition=1,27/03/2017
3,Senior Software Engineer Java/JEE m/w,ELAXY GmbH,"Jever, Niedersachsen",2017-03-24T12:00,http://stellenanzeige.monster.de/senior-software-engineer-java-jee-m-w-job-jever-niedersachsen-deutschland-172040563.aspx?mescoid=1500127001001&jobPosition=1,27/03/2017
4,Senior Consultant JEE / Java Enterprise (m/w),nterra integration! GmbH,"Griesheim/Darmstadt, Hessen",2017-03-23T12:00,http://stellenanzeige.monster.de/senior-consultant-jee-java-enterprise-m-w-job-griesheim-darmstadt-hessen-deutschland-179728371.aspx?mescoid=1500127001001&jobPosition=1,27/03/2017
5,Senior Software Engineer Java/JEE m/w,ELAXY GmbH,"Puchheim bei München, Bayern",2017-03-22T12:00,http://stellenanzeige.monster.de/senior-software-engineer-java-jee-m-w-job-puchheim-bei-m%C3%BCnchen-bayern-deutschland-178986383.aspx?mescoid=1500127001001&jobPosition=1,27/03/2017
6,Senior-Java- / Java EE-Entwickler (m/w) für ein Großprojekt,ASTRUM IT GmbH,"Nürnberg, Bayern",2017-03-24T12:00,http://stellenanzeige.monster.de/senior-java-java-ee-entwickler-m-w-f%C3%BCr-ein-gro%C3%9Fprojekt-job-n%C3%BCrnberg-bayern-deutschland-166386396.aspx?mescoid=1500127001001&jobPosition=1,27/03/2017
7,Java- / Java EE-Entwickler (m/w) für ein Großprojekt,ASTRUM IT GmbH,"Nürnberg, Bayern",2017-03-24T12:00,http://stellenanzeige.monster.de/java-java-ee-entwickler-m-w-f%C3%BCr-ein-gro%C3%9Fprojekt-job-n%C3%BCrnberg-bayern-deutschland-166386386.aspx?mescoid=1500127001001&jobPosition=1,27/03/2017
8,Softwareentwickler Java / JEE (m/w) für Enterprise Applications,IT-Designers GmbH,"Esslingen am Neckar, Baden-Württemberg",2017-03-21T12:00,http://stellenanzeige.monster.de/softwareentwickler-java-jee-m-w-f%C3%BCr-enterprise-applications-job-esslingen-am-neckar-baden-w%C3%BCrttemberg-deutschland-168018965.aspx?mescoid=1500127001001&jobPosition=1,27/03/2017
9,Java / JEE Entwickler / Spannende Aufgaben für große Kunden ohne Reisen / Inhouse (m/w),Vesterling Personalberatung,"Hamburg, Hamburg",2017-03-15T12:00,http://stellenanzeige.monster.de/java-jee-entwickler-spannende-aufgaben-f%C3%BCr-gro%C3%9Fe-kunden-ohne-reisen-inhouse-m-w-job-hamburg-hamburg-deutschland-177279994.aspx?mescoid=1500127001001&jobPosition=1,27/03/2017
10,Senior Software Developer (m/w) Java/JEE,Bundesdruckerei GmbH,"Hamburg, Hamburg",2017-03-22T12:00,http://stellenanzeige.monster.de/senior-software-developer-m-w-java-jee-job-hamburg-hamburg-deutschland-181572715.aspx?mescoid=1500127001001&jobPosition=1,27/03/2017
11,Senior Developer Java/JEE (m/w),FERCHAU Engineering GmbH,"Hamburg, Hamburg",2017-03-04T12:00,http://stellenanzeige.monster.de/senior-developer-java-jee-m-w-job-hamburg-hamburg-deutschland-178564195.aspx?mescoid=1500127001001&jobPosition=1,27/03/2017
12,"Senior JAVA-Entwickler / Fokus Backend, Web-Anwendung Java / JEE, Servlets, JSP, Cloud Service (m/w)",Vesterling Personalberatung,"München, Bayern",2017-03-27T12:00,http://stellenanzeige.monster.de/senior-java-entwickler-fokus-backend-web-anwendung-java-jee-servlets-jsp-cloud-service-m-w-job-m%C3%BCnchen-bayern-deutschland-170354825.aspx?mescoid=1500131001001&jobPosition=1,27/03/2017
13,Java/JEE Architekt (m/w) auf Gruppen- und Abteilungsleiterebene,MINT Solutions GmbH,"Frankfurt am Main, Hessen",2017-03-21T12:00,http://stellenanzeige.monster.de/java-jee-architekt-m-w-auf-gruppen-und-abteilungsleiterebene-job-frankfurt-am-main-hessen-deutschland-180976067.aspx?mescoid=1500127001001&jobPosition=1,27/03/2017
14,Agiler Entwickler (m/w) Java/JEE,FERCHAU Engineering GmbH,"Berlin, Berlin",2017-03-15T12:00,http://stellenanzeige.monster.de/agiler-entwickler-m-w-java-jee-job-berlin-berlin-deutschland-181810562.aspx?mescoid=1500127001001&jobPosition=1,27/03/2017
15,Java-/JEE-Entwickler (m/w) im Automotive Bereich,univativ GmbH & Co. KG,"Darmstadt, Hessen",2017-03-27T12:00,http://stellenanzeige.monster.de/java-jee-entwickler-m-w-im-automotive-bereich-job-darmstadt-hessen-deutschland-169889963.aspx?mescoid=1500127001001&jobPosition=1,27/03/2017
16,Java/JEE Softwareentwickler (m/w),Personality IT People Power GmbH,"Stuttgart, Baden-Württemberg",2017-03-21T12:00,http://stellenanzeige.monster.de/java-jee-softwareentwickler-m-w-job-stuttgart-baden-w%C3%BCrttemberg-deutschland-182092113.aspx?mescoid=1500127001001&jobPosition=1,27/03/2017
17,Senior IT-Architekt Java/JEE (w/m),Deutsche Bahn AG,"Frankfurt (Main), Hessen",2017-03-20T12:00,http://stellenanzeige.monster.de/senior-it-architekt-java-jee-w-m-job-frankfurt-main-hessen-deutschland-178857774.aspx?mescoid=1500127001001&jobPosition=1,27/03/2017
18,IT Consultant JAVA EE / Java in anspruchsvollen Projekten umsetzen / bis 70.000 € (m/w),Vesterling Personalberatung,"Stuttgart, Baden-Württemberg",2017-03-17T12:00,http://stellenanzeige.monster.de/it-consultant-java-ee-java-in-anspruchsvollen-projekten-umsetzen-bis-70-000-%E2%82%AC-m-w-job-stuttgart-baden-w%C3%BCrttemberg-deutschland-167878253.aspx?mescoid=1500127001001&jobPosition=1,27/03/2017
19,Junior Softwareentwickler JAVA / Kundenprojekte im JEE Umfeld / IT-Dienstleister (m/w),Vesterling Personalberatung,"Dortmund, Köln, Frankfurt am Main, Berlin",2017-03-17T12:00,http://stellenanzeige.monster.de/junior-softwareentwickler-java-kundenprojekte-im-jee-umfeld-it-dienstleister-m-w-job-dortmund-k%C3%B6ln-frankfurt-am-main-berlin-deutschland-167876839.aspx?mescoid=1500127001001&jobPosition=1,27/03/2017
20,Java Entwickler / Entwicklung von Java-Applikationen im Finance-Bereich / Inhouse ohne Reisen (m/w),Vesterling Personalberatung,Zürich (Schweiz),2017-03-24T12:06,http://stellenanzeige.monster.de/java-entwickler-entwicklung-von-java-applikationen-im-finance-bereich-inhouse-ohne-reisen-m-w-job-z%C3%BCrich-schweiz-schweiz-177754656.aspx?jobPosition=1,27/03/2017
21,Java-Entwickler (m/w) für reine Inhouse-Produktentwicklung,MINT Solutions GmbH,Karlsruhe,2017-03-24T12:08,http://stellenanzeige.monster.de/java-entwickler-m-w-f%C3%BCr-reine-inhouse-produktentwicklung-job-karlsruhe-deutschland-165894698.aspx?jobPosition=2,27/03/2017
22,Java Fullstack Engineer (m/w),MINT Solutions GmbH,Berlin,2017-03-23T12:10,http://stellenanzeige.monster.de/java-fullstack-engineer-m-w-job-berlin-deutschland-166343719.aspx?jobPosition=3,27/03/2017
23,Java-Entwickler Automotive (m/w),Deutsche Telekom AG,Karlsruhe,2017-03-21T12:09,http://stellenanzeige.monster.de/java-entwickler-automotive-m-w-job-karlsruhe-deutschland-181517785.aspx?jobPosition=4,27/03/2017
24,Junior Java-Entwickler (M/W),Deutsche Telekom AG,Karlsruhe,2017-03-21T12:09,http://stellenanzeige.monster.de/junior-java-entwickler-m-w-job-karlsruhe-deutschland-181517916.aspx?jobPosition=5,27/03/2017
25,"JAVA / JAVA EE Softwareentwickler (Senior) / Individualsoftware, erfolgreiche IT-Beratung (m/w)",Vesterling Personalberatung,München,2017-03-17T12:00,http://stellenanzeige.monster.de/java-java-ee-softwareentwickler-senior-individualsoftware-erfolgreiche-it-beratung-m-w-job-m%C3%BCnchen-deutschland-167877630.aspx?mescoid=1500127001001&jobPosition=1,27/03/2017
26,Softwareentwickler Java EE / Softwareentwicklung mit modernen Java Technologien / Inhouse (m/w),Vesterling Personalberatung,"München, Bayern",2017-03-17T12:00,http://stellenanzeige.monster.de/softwareentwickler-java-ee-softwareentwicklung-mit-modernen-java-technologien-inhouse-m-w-job-m%C3%BCnchen-bayern-deutschland-167877087.aspx?mescoid=1500127001001&jobPosition=1,27/03/2017
27,Java Softwareentwickler / Java EE Software Architekt / Anspruchsvolle Java-Projekte umsetzen (m/w),Vesterling Personalberatung,"München, Frankfurt am Main",2017-03-17T12:00,http://stellenanzeige.monster.de/java-softwareentwickler-java-ee-software-architekt-anspruchsvolle-java-projekte-umsetzen-m-w-job-m%C3%BCnchen-frankfurt-am-main-deutschland-167876831.aspx?mescoid=1500127001001&jobPosition=1,27/03/2017
28,Senior Software-Ingenieur Java / JEE (m/w),msg systems ag,München,2017-03-23T12:00,http://stellenanzeige.monster.de/senior-software-ingenieur-java-jee-m-w-job-m%C3%BCnchen-deutschland-177695713.aspx?mescoid=1500127001001&jobPosition=1,27/03/2017
29,Java Web Developer! Software Entwickler Java (m/w) Java EE Entwickler im Raum Duisburg-Essen,Ratbacher GmbH,"Essen, Nordrhein-Westfalen",2017-03-22T12:00,http://stellenanzeige.monster.de/java-web-developer!-software-entwickler-java-m-w-java-ee-entwickler-im-raum-duisburg-essen-job-essen-nordrhein-westfalen-deutschland-169893710.aspx?mescoid=1500127001001&jobPosition=1,27/03/2017
30,Java Consultant! Inhouse Software Developer Java EE (m/w) in Freiburg im Breisgau,Ratbacher GmbH,"Freiburg im Breisgau, Baden-Württemberg",2017-03-21T12:00,http://stellenanzeige.monster.de/java-consultant!-inhouse-software-developer-java-ee-m-w-in-freiburg-im-breisgau-job-freiburg-im-breisgau-baden-w%C3%BCrttemberg-deutschland-170029837.aspx?mescoid=1500127001001&jobPosition=1,27/03/2017
31,Softwareentwickler Java / JEE – Inhouse Produktentwicklung e-Gas (m/w),PIXEL GmbH,"München, Bayern",2017-03-27T12:00,http://stellenanzeige.monster.de/softwareentwickler-java-jee-%E2%80%93-inhouse-produktentwicklung-e-gas-m-w-job-m%C3%BCnchen-bayern-deutschland-170350098.aspx?mescoid=1500127001001&jobPosition=1,27/03/2017
32,Softwareentwickler (m/w) - Java / J2EE ID 17858,euro engineering AG,"Braunschweig, Niedersachsen",2017-03-17T12:00,http://stellenanzeige.monster.de/softwareentwickler-m-w-java-j2ee-id-17858-job-braunschweig-niedersachsen-deutschland-181927569.aspx?mescoid=1500127001001&jobPosition=1,27/03/2017
33,"Senior Softwareentwickler Java EE / Java Lead Entwickler - Gehalt bis 90.000 Euro, (m/w) [SNr. 14...",PERIT Consulting GmbH & Co. KG.,"Köln/Bonn, Nordrhein-Westfalen",2017-03-24T12:00,http://stellenanzeige.monster.de/senior-softwareentwickler-java-ee-java-lead-entwickler-gehalt-bis-90-000-euro-m-w-snr-14-job-k%C3%B6ln-bonn-nordrhein-westfalen-deutschland-182194359.aspx?mescoid=1500127001001&jobPosition=1,27/03/2017
34,Softwareentwickler (m/w) Java und Java EE,FERCHAU Engineering GmbH,"Großraum Ulm, Baden-Württemberg",2017-03-04T12:00,http://stellenanzeige.monster.de/softwareentwickler-m-w-java-und-java-ee-job-gro%C3%9Fraum-ulm-baden-w%C3%BCrttemberg-deutschland-178564601.aspx?mescoid=1500127001001&jobPosition=1,27/03/2017
35,Entwickler (m/w) Java / JEE,Personality IT People Power GmbH,Deutschland,2017-03-25T12:00,http://stellenanzeige.monster.de/entwickler-m-w-java-jee-job-deutschland-deutschland-181704548.aspx?mescoid=1500127001001&jobPosition=1,27/03/2017
36,Java Developer! Softwareentwickler Java (m/w) Java EE Entwickler in Dortmund,Ratbacher GmbH,"Dortmund, Nordrhein-Westfalen",2017-03-27T12:00,http://stellenanzeige.monster.de/java-developer!-softwareentwickler-java-m-w-java-ee-entwickler-in-dortmund-job-dortmund-nordrhein-westfalen-deutschland-169894439.aspx?mescoid=1500127001001&jobPosition=1,27/03/2017
37,Softwareentwickler Java / JEE / Portalentwicklung zur Auswertung von Telematikdaten / Inhouse (m/w),Vesterling Personalberatung,"Rosenheim, Bayern",2017-03-19T12:00,http://stellenanzeige.monster.de/softwareentwickler-java-jee-portalentwicklung-zur-auswertung-von-telematikdaten-inhouse-m-w-job-rosenheim-bayern-deutschland-175067512.aspx?mescoid=1500127001001&jobPosition=1,27/03/2017
38,Java / JEE Integrationslösungen - Consultant und Senior Consultant (m/w),EXXETA AG,"Karlsruhe, Baden-Württemberg",2017-03-21T12:00,http://stellenanzeige.monster.de/java-jee-integrationsl%C3%B6sungen-consultant-und-senior-consultant-m-w-job-karlsruhe-baden-w%C3%BCrttemberg-deutschland-177909331.aspx?mescoid=1300087001001&jobPosition=1,27/03/2017
39,Java EE Entwickler (m/w) Softwareentwickler Java – Java Experte in Stuttgart,Ratbacher GmbH,"Stuttgart, Baden-Württemberg",2017-03-27T12:00,http://stellenanzeige.monster.de/java-ee-entwickler-m-w-softwareentwickler-java-%E2%80%93-java-experte-in-stuttgart-job-stuttgart-baden-w%C3%BCrttemberg-deutschland-169991216.aspx?mescoid=1500127001001&jobPosition=1,27/03/2017
40,Java/JEE Architekt (m/w) auf Gruppen- und Abteilungsleiterebene,MINT Solutions GmbH,"Nürnberg, Bayern",2017-03-21T12:00,http://stellenanzeige.monster.de/java-jee-architekt-m-w-auf-gruppen-und-abteilungsleiterebene-job-n%C3%BCrnberg-bayern-deutschland-180976391.aspx?mescoid=1500127001001&jobPosition=1,27/03/2017
41,Java/JEE Architekt (m/w) auf Gruppen- und Abteilungsleiterebene,MINT Solutions GmbH,"München, Bayern",2017-03-17T12:00,http://stellenanzeige.monster.de/java-jee-architekt-m-w-auf-gruppen-und-abteilungsleiterebene-job-m%C3%BCnchen-bayern-deutschland-179486886.aspx?mescoid=1500127001001&jobPosition=1,27/03/2017
42,(Senior) Entwickler Java / JEE / J2EE im Ruhrgebiet (m/w) (Ref. Nr. 01218) für komplexe SAP Tools,IT-Personalberatung Dr. Dienst & Wenzel GmbH & Co. KG,,2017-03-27T12:00,http://stellenanzeige.monster.de/senior-entwickler-java-jee-j2ee-im-ruhrgebiet-m-w-ref-nr-01218-f%C3%BCr-komplexe-sap-tools-job-deutschland-180617684.aspx?mescoid=1500127001001&jobPosition=1,27/03/2017
43,Software Developer Java / Java EE (m/w),MATERNA GmbH,"Dresden, Sachsen",2017-03-21T12:00,http://stellenanzeige.monster.de/software-developer-java-java-ee-m-w-job-dresden-sachsen-deutschland-166005233.aspx?mescoid=1500127001001&jobPosition=1,27/03/2017
44,Make Java great again! J2EE Entwickler gesucht in München (80k),Ardekay IT Recruitment,"München, Bayern",2017-03-14T12:00,http://stellenanzeige.monster.de/make-java-great-again!-j2ee-entwickler-gesucht-in-m%C3%BCnchen-80k-job-m%C3%BCnchen-bayern-deutschland-179994227.aspx?mescoid=1500127001001&jobPosition=1,27/03/2017
45,(Senior) Softwareentwickler Java / (Weiter-)Entwicklung Java-basierter Cloud-Lösung / Inhouse (m/w),Vesterling Personalberatung,Linz (Österreich),2017-03-20T12:10,http://stellenanzeige.monster.de/senior-softwareentwickler-java-weiter-entwicklung-java-basierter-cloud-l%C3%B6sung-inhouse-m-w-job-linz-%C3%B6sterreich-%C3%B6sterreich-175115772.aspx?jobPosition=1,27/03/2017
46,Java Software Entwickler (m/w) mit Kundenkontakt,MINT Solutions GmbH,Hamburg,2017-03-20T12:10,http://stellenanzeige.monster.de/java-software-entwickler-m-w-mit-kundenkontakt-job-hamburg-deutschland-170130464.aspx?jobPosition=2,27/03/2017
47,Senior Software Entwickler Java EE / Java-Entwicklung mit geringen Reiseanforderungen (m/w),Vesterling Personalberatung,Wien,2017-03-17T12:02,http://stellenanzeige.monster.de/senior-software-entwickler-java-ee-java-entwicklung-mit-geringen-reiseanforderungen-m-w-job-wien-%C3%B6sterreich-167878616.aspx?jobPosition=3,27/03/2017
48,Software Architect Java (m/w),Deutsche Telekom AG,Aalen,2017-03-17T12:04,http://stellenanzeige.monster.de/software-architect-java-m-w-job-aalen-deutschland-180828737.aspx?jobPosition=4,27/03/2017
49,(Junior) Softwareentwickler Java EE / internat. Beratungshaus / Lokale Reisetätigkeit (m/w),Vesterling Personalberatung,Bern (CH),2017-03-17T12:08,http://stellenanzeige.monster.de/junior-softwareentwickler-java-ee-internat-beratungshaus-lokale-reiset%C3%A4tigkeit-m-w-job-bern-ch-schweiz-167877052.aspx?jobPosition=5,27/03/2017
50,Java Senior Developer (m/w) Java EE Softwareentwickler – Java Software Architekt in Köln,Ratbacher GmbH,"Köln, Nordrhein-Westfalen",2017-03-25T12:00,http://stellenanzeige.monster.de/java-senior-developer-m-w-java-ee-softwareentwickler-%E2%80%93-java-software-architekt-in-k%C3%B6ln-job-k%C3%B6ln-nordrhein-westfalen-deutschland-170072991.aspx?mescoid=1500127001001&jobPosition=1,27/03/2017
51,Junior Software-Ingenieur Java / JEE (m/w),msg systems ag,"München, Bayern",2017-03-23T12:00,http://stellenanzeige.monster.de/junior-software-ingenieur-java-jee-m-w-job-m%C3%BCnchen-bayern-deutschland-177695711.aspx?mescoid=1500127001001&jobPosition=1,27/03/2017
52,Java-Entwickler! Java EE Developer (m/w) Senior Java Position in Berlin,Ratbacher GmbH,"Berlin, Berlin",2017-03-22T12:00,http://stellenanzeige.monster.de/java-entwickler!-java-ee-developer-m-w-senior-java-position-in-berlin-job-berlin-berlin-deutschland-170029122.aspx?mescoid=1500127001001&jobPosition=1,27/03/2017
53,Java / J2EE Developer in Germany,Wilde-IT GmbH,"Ludwigsburg, Baden-Württemberg",2017-02-28T12:00,http://stellenanzeige.monster.de/java-j2ee-developer-in-germany-job-ludwigsburg-baden-w%C3%BCrttemberg-deutschland-181239392.aspx?mescoid=1500127001001&jobPosition=1,27/03/2017
54,"Softwareentwickler Java (JEE, Web, RCP) (m/w)",msg systems ag,"München, Bayern",2017-03-27T12:00,http://stellenanzeige.monster.de/softwareentwickler-java-jee-web-rcp-m-w-job-m%C3%BCnchen-bayern-deutschland-180619433.aspx?mescoid=1500127001001&jobPosition=1,27/03/2017
55,Java Softwareentwickler / Entwicklung in Java EE oder SE für Kunden / Lokale Reisebereitschaft (m/w),Vesterling Personalberatung,"Essen, Nordrhein-Westfalen",2017-03-27T12:00,http://stellenanzeige.monster.de/java-softwareentwickler-entwicklung-in-java-ee-oder-se-f%C3%BCr-kunden-lokale-reisebereitschaft-m-w-job-essen-nordrhein-westfalen-deutschland-173681829.aspx?mescoid=1500127001001&jobPosition=1,27/03/2017
56,Senior Java  JEE Entwickler (m/w),Head2head Recruitment,"München, Bayern",2017-03-27T12:00,http://stellenanzeige.monster.de/senior-java-jee-entwickler-m-w-job-m%C3%BCnchen-bayern-deutschland-181182953.aspx?mescoid=1500127001001&jobPosition=1,27/03/2017
57,Senior Softwareentwickler JAVA / J2EE für spannende Applikationsentwicklung in einem internationa...,PERIT Consulting GmbH & Co. KG,"Bodensee/Oberschwaben, Baden-Württemberg",2017-03-25T12:00,http://stellenanzeige.monster.de/senior-softwareentwickler-java-j2ee-f%C3%BCr-spannende-applikationsentwicklung-in-einem-internationa-job-bodensee-oberschwaben-baden-w%C3%BCrttemberg-deutschland-182230432.aspx?mescoid=1500127001001&jobPosition=1,27/03/2017
58,Software Developer Java / J2EE,Deutsche Börse AG,"Frankfurt, Hessen",2017-03-24T12:00,http://stellenanzeige.monster.de/software-developer-java-j2ee-job-frankfurt-hessen-deutschland-182223524.aspx?mescoid=1500127001001&jobPosition=1,27/03/2017
59,"Software-Projektmanager / Leitung von Projektteams, JAVA JEE, agile Entwicklung (m/w)",Vesterling Personalberatung,"München, Bayern",2017-03-24T12:00,http://stellenanzeige.monster.de/software-projektmanager-leitung-von-projektteams-java-jee-agile-entwicklung-m-w-job-m%C3%BCnchen-bayern-deutschland-182193083.aspx?mescoid=1500145001001&jobPosition=1,27/03/2017
60,"Softwareentwickler Java EE / JEE / Warenwirtschaftssysteme, Kassenapplikationen Java / Inhouse (m/w)",Vesterling Personalberatung,"Bielefeld, Nordrhein-Westfalen",2017-03-23T12:00,http://stellenanzeige.monster.de/softwareentwickler-java-ee-jee-warenwirtschaftssysteme-kassenapplikationen-java-inhouse-m-w-job-bielefeld-nordrhein-westfalen-deutschland-169769953.aspx?mescoid=1500127001001&jobPosition=1,27/03/2017
61,Technischer Projektleiter / Software-Architekt / JAVA / JEE / MDA / OOD (m/w),Vesterling Personalberatung,"München, Bayern",2017-03-23T12:00,http://stellenanzeige.monster.de/technischer-projektleiter-software-architekt-java-jee-mda-ood-m-w-job-m%C3%BCnchen-bayern-deutschland-172645072.aspx?mescoid=1700190001001&jobPosition=1,27/03/2017
62,Java / JEE Software Engineer (m/w) in Duisburg! (bis 60.000€),Ardekay IT Recruitment,"Duisburg, Nordrhein-Westfalen",2017-03-22T12:00,http://stellenanzeige.monster.de/java-jee-software-engineer-m-w-in-duisburg!-bis-60-000%E2%82%AC-job-duisburg-nordrhein-westfalen-deutschland-182120784.aspx?mescoid=1500127001001&jobPosition=1,27/03/2017
63,"Aschnallen, abgehts! Java Entwickler J2EE für ́s Automotive",Ardekay IT Recruitment,"München, Bayern",2017-03-22T12:00,http://stellenanzeige.monster.de/aschnallen-abgehts!-java-entwickler-j2ee-f%C3%BCr-%CC%81s-automotive-job-m%C3%BCnchen-bayern-deutschland-180481253.aspx?mescoid=1500127001001&jobPosition=1,27/03/2017
64,Softwareentwickler Java JEE/IT-Architekt (m/w),Global Side GmbH,"München, Bayern",2017-03-20T12:00,http://stellenanzeige.monster.de/softwareentwickler-java-jee-it-architekt-m-w-job-m%C3%BCnchen-bayern-deutschland-174234091.aspx?mescoid=1500127001001&jobPosition=1,27/03/2017
65,Java / JEE Software Engineer (m/w) - Web Applications in Bochum,Ardekay IT Recruitment,"Bochum, Nordrhein-Westfalen",2017-03-20T12:00,http://stellenanzeige.monster.de/java-jee-software-engineer-m-w-web-applications-in-bochum-job-bochum-nordrhein-westfalen-deutschland-180931092.aspx?mescoid=1500129001001&jobPosition=1,27/03/2017
66,Softwareentwickler Java EE / Spannende Java-Projekte umsetzen (m/w),Vesterling Personalberatung,"Nürnberg, Bayern",2017-03-17T12:00,http://stellenanzeige.monster.de/softwareentwickler-java-ee-spannende-java-projekte-umsetzen-m-w-job-n%C3%BCrnberg-bayern-deutschland-167878582.aspx?mescoid=1500127001001&jobPosition=1,27/03/2017
67,Senior Softwareentwickler JAVA / IT Consultant JAVA EE / Finanzdienstleistungsbranche (m/w),Vesterling Personalberatung,"Deutschland (Home Office), Bayern",2017-03-17T12:00,http://stellenanzeige.monster.de/senior-softwareentwickler-java-it-consultant-java-ee-finanzdienstleistungsbranche-m-w-job-deutschland-home-office-bayern-deutschland-167878282.aspx?mescoid=1500127001001&jobPosition=1,27/03/2017
68,Softwareentwickler Java / JEE / Entwicklung von Enterprise Applikationen im Kundenauftrag (m/w),Vesterling Personalberatung,"Düsseldorf, Nordrhein-Westfalen",2017-03-17T12:00,http://stellenanzeige.monster.de/softwareentwickler-java-jee-entwicklung-von-enterprise-applikationen-im-kundenauftrag-m-w-job-d%C3%BCsseldorf-nordrhein-westfalen-deutschland-167878573.aspx?mescoid=1500127001001&jobPosition=1,27/03/2017
69,Softwareentwickler JAVA EE / Java/Portal Entwicklung auf IBM Websphere / bis 70.000 € (m/w),Vesterling Personalberatung,"Stuttgart, Baden-Württemberg",2017-03-17T12:00,http://stellenanzeige.monster.de/softwareentwickler-java-ee-java-portal-entwicklung-auf-ibm-websphere-bis-70-000-%E2%82%AC-m-w-job-stuttgart-baden-w%C3%BCrttemberg-deutschland-167878651.aspx?mescoid=1500127001001&jobPosition=1,27/03/2017
70,Softwareentwickler/Architekt Java EE / Backend M2M / Inhouse (m/w),Vesterling Personalberatung,Linz (AT),2017-03-17T12:11,http://stellenanzeige.monster.de/softwareentwickler-architekt-java-ee-backend-m2m-inhouse-m-w-job-linz-at-%C3%B6sterreich-167876880.aspx?jobPosition=1,27/03/2017
71,Senior Java Softwareentwickler (m/w),Deutsche Telekom AG,Aalen,2017-03-17T12:11,http://stellenanzeige.monster.de/senior-java-softwareentwickler-m-w-job-aalen-deutschland-180825077.aspx?jobPosition=2,27/03/2017
72,Senior Softwareentwickler Java EE / Implementierung einer neuen Architektur / Inhouse (m/w),Vesterling Personalberatung,Wien (Österreich),2017-03-17T12:11,http://stellenanzeige.monster.de/senior-softwareentwickler-java-ee-implementierung-einer-neuen-architektur-inhouse-m-w-job-wien-%C3%B6sterreich-%C3%B6sterreich-167877860.aspx?jobPosition=3,27/03/2017
73,Java Lead Developer mit Teamverantwortung,MINT Solutions GmbH,Köln,2017-03-15T12:11,http://stellenanzeige.monster.de/java-lead-developer-mit-teamverantwortung-job-k%C3%B6ln-deutschland-175713883.aspx?jobPosition=4,27/03/2017
74,"Technischer Supporter für JAVA Produkte / JAVA, RCP, Webservice, PL/SQL / Inhouse (m/w)",Vesterling Personalberatung,Linz (Österreich),2017-03-15T12:11,http://stellenanzeige.monster.de/technischer-supporter-f%C3%BCr-java-produkte-java-rcp-webservice-pl-sql-inhouse-m-w-job-linz-%C3%B6sterreich-%C3%B6sterreich-180076254.aspx?jobPosition=5,27/03/2017
75,Softwareentwickler JAVA / JEE / Produktentwicklung Versicherungs-SW / bis 70.000 € / Inhouse (m/w),Vesterling Personalberatung,"Stuttgart, Baden-Württemberg",2017-03-17T12:00,http://stellenanzeige.monster.de/softwareentwickler-java-jee-produktentwicklung-versicherungs-sw-bis-70-000-%E2%82%AC-inhouse-m-w-job-stuttgart-baden-w%C3%BCrttemberg-deutschland-167877818.aspx?mescoid=1500127001001&jobPosition=1,27/03/2017
76,IT-Projektleiter / Softwareentwicklungs-Projekte / JAVA / JEE / Inhouse (m/w),Vesterling Personalberatung,"München, Bayern",2017-03-15T12:00,http://stellenanzeige.monster.de/it-projektleiter-softwareentwicklungs-projekte-java-jee-inhouse-m-w-job-m%C3%BCnchen-bayern-deutschland-180076566.aspx?mescoid=1500145001001&jobPosition=1,27/03/2017
77,"IT Projektmanager für Java Entwicklungsprojekte / JAVA EE, JEE, nur geringe Reisebelastung (m/w)",Vesterling Personalberatung,"München, Bayern",2017-03-14T12:00,http://stellenanzeige.monster.de/it-projektmanager-f%C3%BCr-java-entwicklungsprojekte-java-ee-jee-nur-geringe-reisebelastung-m-w-job-m%C3%BCnchen-bayern-deutschland-179968735.aspx?mescoid=1500145001001&jobPosition=1,27/03/2017
78,Softwareentwickler JAVA / JEE / Maschinenbau und Automotive / Geringe Reiseanforderungen (m/w),Vesterling Personalberatung,"München, Bayern",2017-03-17T12:00,http://stellenanzeige.monster.de/softwareentwickler-java-jee-maschinenbau-und-automotive-geringe-reiseanforderungen-m-w-job-m%C3%BCnchen-bayern-deutschland-167877972.aspx?mescoid=1500127001001&jobPosition=1,27/03/2017
79,Softwareentwickler (m/w) Java / JEE,ITech Progress GmbH,"Ludwigshafen am Rhein, Rheinland-Pfalz",2017-03-22T12:00,http://stellenanzeige.monster.de/softwareentwickler-m-w-java-jee-job-ludwigshafen-am-rhein-rheinland-pfalz-deutschland-178317779.aspx?mescoid=1500127001001&jobPosition=1,27/03/2017
80,"Senior Softwareentwickler Java (JEE, Web, RCP) (m/w)",msg systems ag,"München, Bayern",2017-03-27T12:00,http://stellenanzeige.monster.de/senior-softwareentwickler-java-jee-web-rcp-m-w-job-m%C3%BCnchen-bayern-deutschland-180619434.aspx?mescoid=1500127001001&jobPosition=1,27/03/2017
81,Softwareentwickler Java EE / Java-Entwicklung in einem mittelständisches Unternehmen / Inhouse (m/w),Vesterling Personalberatung,"Augsburg Nord, Bayern",2017-03-27T12:00,http://stellenanzeige.monster.de/softwareentwickler-java-ee-java-entwicklung-in-einem-mittelst%C3%A4ndisches-unternehmen-inhouse-m-w-job-augsburg-nord-bayern-deutschland-174724842.aspx?mescoid=1500127001001&jobPosition=1,27/03/2017
82,Java Architekt / Senior Consultant JAVA EE / Managing Consultant / Gehalt bis ca.100.000 € (m/w),Vesterling Personalberatung,"München-Nord, Bayern",2017-03-27T12:00,http://stellenanzeige.monster.de/java-architekt-senior-consultant-java-ee-managing-consultant-gehalt-bis-ca-100-000-%E2%82%AC-m-w-job-m%C3%BCnchen-nord-bayern-deutschland-170354994.aspx?mescoid=1500127001001&jobPosition=1,27/03/2017
83,Java / JEE Integrationslösungen - Associate Consultant (m/w),EXXETA AG,"Karlsruhe, Baden-Württemberg",2017-03-25T12:00,http://stellenanzeige.monster.de/java-jee-integrationsl%C3%B6sungen-associate-consultant-m-w-job-karlsruhe-baden-w%C3%BCrttemberg-deutschland-180603107.aspx?mescoid=1300087001001&jobPosition=1,27/03/2017
84,Senior Entwickler (m/w) Java / JEE,Personality IT People Power GmbH,"Nürnberg, Bayern",2017-03-25T12:00,http://stellenanzeige.monster.de/senior-entwickler-m-w-java-jee-job-n%C3%BCrnberg-bayern-deutschland-181157299.aspx?mescoid=1500127001001&jobPosition=1,27/03/2017
85,Java/JEE Entwickler (m/w),ABALON Recruitment GmbH,"München, Bayern",2017-03-25T12:00,http://stellenanzeige.monster.de/java-jee-entwickler-m-w-job-m%C3%BCnchen-bayern-deutschland-168889149.aspx?mescoid=1500127001001&jobPosition=1,27/03/2017
86,Java-Entwickler / Softwareentwickler Java / Java EE / ortsfest München / Teilzeitmöglichkeit (m/w),Vesterling Personalberatung,"München, Bayern",2017-03-24T12:00,http://stellenanzeige.monster.de/java-entwickler-softwareentwickler-java-java-ee-ortsfest-m%C3%BCnchen-teilzeitm%C3%B6glichkeit-m-w-job-m%C3%BCnchen-bayern-deutschland-182193084.aspx?mescoid=1500127001001&jobPosition=1,27/03/2017
87,Java Developer! Inhouse Java Entwickler (m/w) Software Developer Java EE in Leipzig,Ratbacher GmbH,"Leipzig, Sachsen",2017-03-23T12:00,http://stellenanzeige.monster.de/java-developer!-inhouse-java-entwickler-m-w-software-developer-java-ee-in-leipzig-job-leipzig-sachsen-deutschland-170029221.aspx?mescoid=1500127001001&jobPosition=1,27/03/2017
88,Java/ JEE Entwickler (m/w),Computer Futures,"Nürnberg, Bayern",2017-03-23T12:00,http://stellenanzeige.monster.de/java-jee-entwickler-m-w-job-n%C3%BCrnberg-bayern-deutschland-181335630.aspx?mescoid=1500127001001&jobPosition=1,27/03/2017
89,Senior Softwareentwickler Java EE / Java Lead Entwickler / Gehalt bis 90.000 € / Inhouse (m/w),Vesterling Personalberatung,"München, Bayern",2017-03-22T12:00,http://stellenanzeige.monster.de/senior-softwareentwickler-java-ee-java-lead-entwickler-gehalt-bis-90-000-%E2%82%AC-inhouse-m-w-job-m%C3%BCnchen-bayern-deutschland-169730694.aspx?mescoid=1500127001001&jobPosition=1,27/03/2017
90,Java/JEE-Experte (m/w),Personality IT People Power GmbH,"München, Bayern",2017-03-22T12:00,http://stellenanzeige.monster.de/java-jee-experte-m-w-job-m%C3%BCnchen-bayern-deutschland-182139053.aspx?mescoid=1500127001001&jobPosition=1,27/03/2017
91,"Softwareentwickler Java / JEE / Datenbankanwendungen, Scrum / bis 70.000 € / Inhouse (m/w)",Vesterling Personalberatung,"Köln, Nordrhein-Westfalen",2017-03-21T12:00,http://stellenanzeige.monster.de/softwareentwickler-java-jee-datenbankanwendungen-scrum-bis-70-000-%E2%82%AC-inhouse-m-w-job-k%C3%B6ln-nordrhein-westfalen-deutschland-178956580.aspx?mescoid=1500127001001&jobPosition=1,27/03/2017
92,"Softwareentwickler JAVA / Eclipse, SQL, XML, JEE Application Server / Inhouse (m/w)",Vesterling Personalberatung,"Kempten (Allgäu), Bayern",2017-03-20T12:00,http://stellenanzeige.monster.de/softwareentwickler-java-eclipse-sql-xml-jee-application-server-inhouse-m-w-job-kempten-allg%C3%A4u-bayern-deutschland-178864516.aspx?mescoid=1500127001001&jobPosition=1,27/03/2017
93,Senior Software Berater JAVA / JEE / Middleware / SOA / bis ca. 90.000 € / Home Office möglich (m/w),Vesterling Personalberatung,"München (Home Office), Bayern",2017-03-19T12:00,http://stellenanzeige.monster.de/senior-software-berater-java-jee-middleware-soa-bis-ca-90-000-%E2%82%AC-home-office-m%C3%B6glich-m-w-job-m%C3%BCnchen-home-office-bayern-deutschland-177491369.aspx?mescoid=1500127001001&jobPosition=1,27/03/2017
94,"(Inhouse) Softwareentwickler JAVA / J2EE / JEE / PostgreSQL, UML (m/w)",Vesterling Personalberatung,"Rosenheim, Bayern",2017-03-17T12:00,http://stellenanzeige.monster.de/inhouse-softwareentwickler-java-j2ee-jee-postgresql-uml-m-w-job-rosenheim-bayern-deutschland-167876868.aspx?mescoid=1500127001001&jobPosition=1,27/03/2017
95,"Java-Entwickler / Produktumfeld, neue Module und Features, Testszenarien / Inhouse (m/w)",Vesterling Personalberatung,Salzburg (Österreich),2017-03-15T12:11,http://stellenanzeige.monster.de/java-entwickler-produktumfeld-neue-module-und-features-testszenarien-inhouse-m-w-job-salzburg-%C3%B6sterreich-%C3%B6sterreich-180076368.aspx?jobPosition=1,27/03/2017
96,Softwareentwickler Java / OOP / Tourismusbranche / Inhouse (m/w),Vesterling Personalberatung,Innsbruck (Österreich),2017-03-14T12:10,http://stellenanzeige.monster.de/softwareentwickler-java-oop-tourismusbranche-inhouse-m-w-job-innsbruck-%C3%B6sterreich-%C3%B6sterreich-171528339.aspx?jobPosition=2,27/03/2017
97,Professional IT Architect Automotive (m/w),Deutsche Telekom AG,München,2017-03-27T12:07,http://stellenanzeige.monster.de/professional-it-architect-automotive-m-w-job-m%C3%BCnchen-deutschland-181180016.aspx?jobPosition=3,27/03/2017
98,Senior Software Architekt (m/w) mit Führungsverantwortung,MINT Solutions GmbH,Stuttgart,2017-03-27T12:07,http://stellenanzeige.monster.de/senior-software-architekt-m-w-mit-f%C3%BChrungsverantwortung-job-stuttgart-deutschland-174727720.aspx?jobPosition=4,27/03/2017
99,Senior IT Consultant Automotive München (m/w),Deutsche Telekom AG,München,2017-03-24T12:04,http://stellenanzeige.monster.de/senior-it-consultant-automotive-m%C3%BCnchen-m-w-job-m%C3%BCnchen-deutschland-180557667.aspx?jobPosition=5,27/03/2017
100,"Software-Architekt / Softwareentwickler JAVA EE / Finanzdienstleistungsbranche, Java, Eclipse (m/w)",Vesterling Personalberatung,"München, Bayern",2017-03-17T12:00,http://stellenanzeige.monster.de/software-architekt-softwareentwickler-java-ee-finanzdienstleistungsbranche-java-eclipse-m-w-job-m%C3%BCnchen-bayern-deutschland-167878250.aspx?mescoid=1500127001001&jobPosition=1,27/03/2017
101,Java/JEE Spezialisten (m/w),Personality IT People Power GmbH,"Raum München, Bayern",2017-03-15T12:00,http://stellenanzeige.monster.de/java-jee-spezialisten-m-w-job-raum-m%C3%BCnchen-bayern-deutschland-181274089.aspx?mescoid=1500127001001&jobPosition=1,27/03/2017
102,Java Entwickler J2EE mit hoher Expertise in Nürnberg gesucht,Ardekay IT Recruitment,"Nürnberg, Bayern",2017-03-15T12:00,http://stellenanzeige.monster.de/java-entwickler-j2ee-mit-hoher-expertise-in-n%C3%BCrnberg-gesucht-job-n%C3%BCrnberg-bayern-deutschland-180750171.aspx?mescoid=1500127001001&jobPosition=1,27/03/2017
103,Software Developer (m/w) für agile JAVA / JEE Kundenprojekte,MINT Solutions GmbH,"Düsseldorf, Nordrhein-Westfalen",2017-03-14T12:00,http://stellenanzeige.monster.de/software-developer-m-w-f%C3%BCr-agile-java-jee-kundenprojekte-job-d%C3%BCsseldorf-nordrhein-westfalen-deutschland-171518623.aspx?mescoid=1500127001001&jobPosition=1,27/03/2017
104,Java Entwickler! Software Developer Java EE (m/w) Java EE Software Spezialist in Karlsruhe,Ratbacher GmbH,"Karlsruhe, Baden-Württemberg",2017-03-23T12:00,http://stellenanzeige.monster.de/java-entwickler!-software-developer-java-ee-m-w-java-ee-software-spezialist-in-karlsruhe-job-karlsruhe-baden-w%C3%BCrttemberg-deutschland-170029300.aspx?mescoid=1500127001001&jobPosition=1,27/03/2017
105,Java Softwareentwickler! Java Developer (m/w) Java EE Spezialist in Hamburg,Ratbacher GmbH,"Hamburg, Hamburg",2017-03-24T12:00,http://stellenanzeige.monster.de/java-softwareentwickler!-java-developer-m-w-java-ee-spezialist-in-hamburg-job-hamburg-hamburg-deutschland-170132954.aspx?mescoid=1500127001001&jobPosition=1,27/03/2017
106,Java Software Entwickler J2EE mit Elan gesucht (bis 70k€),Ardekay IT Recruitment,"München, Bayern",2017-03-15T12:00,http://stellenanzeige.monster.de/java-software-entwickler-j2ee-mit-elan-gesucht-bis-70k%E2%82%AC-job-m%C3%BCnchen-bayern-deutschland-181266354.aspx?mescoid=1500127001001&jobPosition=1,27/03/2017
107,Senior Software Engineer Java/J2EE Inhouse (bis 72k),Ardekay IT Recruitment,"München, Bayern",2017-03-16T12:00,http://stellenanzeige.monster.de/senior-software-engineer-java-j2ee-inhouse-bis-72k-job-m%C3%BCnchen-bayern-deutschland-180775727.aspx?mescoid=1500127001001&jobPosition=1,27/03/2017
108,Java-Backend-Entwickler (m/w),FERCHAU Engineering GmbH,"Frankfurt am Main, Hessen",2017-03-03T12:00,http://stellenanzeige.monster.de/java-backend-entwickler-m-w-job-frankfurt-am-main-hessen-deutschland-180084448.aspx?mescoid=1500128001001&jobPosition=1,27/03/2017
109,SENIOR-JAVA-ARCHITEKT (M/W),Deutsche Post DHL Group,"Köln oder Berlin, Nordrhein-Westfalen",2017-03-22T12:00,http://stellenanzeige.monster.de/senior-java-architekt-m-w-job-k%C3%B6ln-oder-berlin-nordrhein-westfalen-deutschland-179382969.aspx?mescoid=1500127001001&jobPosition=1,27/03/2017
110,Senior Java Entwickler (m/w) eCommerce,Computer Futures,"Nürnberg, Bayern",2017-03-22T12:00,http://stellenanzeige.monster.de/senior-java-entwickler-m-w-ecommerce-job-n%C3%BCrnberg-bayern-deutschland-181024203.aspx?mescoid=1500127001001&jobPosition=1,27/03/2017
111,Lead Entwickler/Architect Java (m/w),Deutsche Telekom AG,"Nürnberg, Bayern",2017-03-16T12:00,http://stellenanzeige.monster.de/lead-entwickler-architect-java-m-w-job-n%C3%BCrnberg-bayern-deutschland-181873918.aspx?mescoid=1500138001001&jobPosition=1,27/03/2017
112,Senior Softwareentwickler Java (m/w),Deutsche Telekom AG,"Nürnberg, Bayern",2017-03-17T12:00,http://stellenanzeige.monster.de/senior-softwareentwickler-java-m-w-job-n%C3%BCrnberg-bayern-deutschland-181909394.aspx?mescoid=1500127001001&jobPosition=1,27/03/2017
113,Java Softwareentwickler für vielfältige Projekteinsätze im Bereich Public (m/w),Deutsche Telekom AG,"Nürnberg, Bayern",2017-03-16T12:00,http://stellenanzeige.monster.de/java-softwareentwickler-f%C3%BCr-vielf%C3%A4ltige-projekteins%C3%A4tze-im-bereich-public-m-w-job-n%C3%BCrnberg-bayern-deutschland-180784001.aspx?mescoid=1500127001001&jobPosition=1,27/03/2017
114,Java Entwickler oder Architekt (w/m) (MOJAV16),Syntegris information solutions GmbH,"Neu-Isenburg, Hessen",2017-03-14T12:00,http://stellenanzeige.monster.de/java-entwickler-oder-architekt-w-m-mojav16-job-neu-isenburg-hessen-deutschland-176524402.aspx?mescoid=1500127001001&jobPosition=1,27/03/2017
115,Senior Entwicklerin / Entwickler - Java,Accenture,,2017-03-22T12:00,http://stellenanzeige.monster.de/senior-entwicklerin-entwickler-java-job-deutschland-181572949.aspx?mescoid=1500127001001&jobPosition=1,27/03/2017
116,Senior Java Software-Architekt (m/w),MINT Solutions GmbH,"Nordrhein-Westfalen, Nordrhein-Westfalen",2017-03-15T12:00,http://stellenanzeige.monster.de/senior-java-software-architekt-m-w-job-nordrhein-westfalen-nordrhein-westfalen-deutschland-180072672.aspx?mescoid=1500138001001&jobPosition=1,27/03/2017
117,"Java Softwareentwickler und Berater / 37,5 h/Wo. / Inhouse (m/w)",Vesterling Personalberatung,"Dresden, Sachsen",2017-03-14T12:00,http://stellenanzeige.monster.de/java-softwareentwickler-und-berater-37-5-h-wo-inhouse-m-w-job-dresden-sachsen-deutschland-174829633.aspx?mescoid=1500127001001&jobPosition=1,27/03/2017
118,Software Engineer (m/w) - Java,Suzuki Deutschland GmbH,"Bensheim, Hessen",2017-03-23T12:00,http://stellenanzeige.monster.de/software-engineer-m-w-java-job-bensheim-hessen-deutschland-181069102.aspx?mescoid=1500127001001&jobPosition=1,27/03/2017
119,Junior Softwareentwickler Java/Objective-C / Berufseinstieg als Entwickler im Banking-Umfeld (m/w),Vesterling Personalberatung,"Düsseldorf, Nordrhein-Westfalen",2017-03-17T12:00,http://stellenanzeige.monster.de/junior-softwareentwickler-java-objective-c-berufseinstieg-als-entwickler-im-banking-umfeld-m-w-job-d%C3%BCsseldorf-nordrhein-westfalen-deutschland-170535379.aspx?mescoid=1500127001001&jobPosition=1,27/03/2017
120,Product Owner (m/w),MINT Solutions GmbH,Berlin,2017-03-24T12:10,http://stellenanzeige.monster.de/product-owner-m-w-job-berlin-deutschland-180567615.aspx?jobPosition=1,27/03/2017
121,Softwareentwickler (m/w) für anspruchsvolle HR-Softwarebranche,Hanseatisches Personalkontor Karlsruhe,Home Office,2017-03-24T12:22,http://stellenanzeige.monster.de/softwareentwickler-m-w-f%C3%BCr-anspruchsvolle-hr-softwarebranche-job-home-office-deutschland-181366835.aspx?jobPosition=2,27/03/2017
122,Visionär gesucht: Experte (m/w) für innovative SAP Cloud Technologien,Deutsche Telekom AG,Hamburg,2017-03-23T12:07,http://stellenanzeige.monster.de/vision%C3%A4r-gesucht-experte-m-w-f%C3%BCr-innovative-sap-cloud-technologien-job-hamburg-deutschland-180509643.aspx?jobPosition=3,27/03/2017
123,Senior Consultant Big Data und Analytics(m/w),Deutsche Telekom AG,München,2017-03-22T10:52,http://stellenanzeige.monster.de/senior-consultant-big-data-und-analytics-m-w-job-m%C3%BCnchen-deutschland-182117390.aspx?jobPosition=4,27/03/2017
124,Projektleiter mit Führungsverantwortung (m/w) für Standortaufbau,MINT Solutions GmbH,Münster,2017-03-22T12:04,http://stellenanzeige.monster.de/projektleiter-mit-f%C3%BChrungsverantwortung-m-w-f%C3%BCr-standortaufbau-job-m%C3%BCnster-deutschland-176884464.aspx?jobPosition=5,27/03/2017
125,Java Softwareentwickler (m/w),euro engineering AG,"Braunschweig, Niedersachsen",2017-03-17T12:00,http://stellenanzeige.monster.de/java-softwareentwickler-m-w-job-braunschweig-niedersachsen-deutschland-181387665.aspx?mescoid=1500127001001&jobPosition=1,27/03/2017
126,Werkstudent (m/w) Java Entwicklung,arvato Systems S4M GmbH,"Rheda-Wiedenbrück, Nordrhein-Westfalen",2017-03-26T12:00,http://stellenanzeige.monster.de/werkstudent-m-w-java-entwicklung-job-rheda-wiedenbr%C3%BCck-nordrhein-westfalen-deutschland-181711807.aspx?mescoid=1500127001001&jobPosition=1,27/03/2017
127,Java Entwickler / innovative Themen / 55-70T€ / Lokale Reisetätigkeit ohne Übernachtungen (m/w),Vesterling Personalberatung,"München, Bayern",2017-03-17T12:00,http://stellenanzeige.monster.de/java-entwickler-innovative-themen-55-70t%E2%82%AC-lokale-reiset%C3%A4tigkeit-ohne-%C3%BCbernachtungen-m-w-job-m%C3%BCnchen-bayern-deutschland-167878020.aspx?mescoid=1500127001001&jobPosition=1,27/03/2017
128,Senior Software Entwickler (m/w) für Java,msg systems ag,"Frankfurt/M., Hessen",2017-03-23T12:00,http://stellenanzeige.monster.de/senior-software-entwickler-m-w-f%C3%BCr-java-job-frankfurt-m.-hessen-deutschland-177691486.aspx?mescoid=1500127001001&jobPosition=1,27/03/2017
129,Java Backend Developer (m/w),Cognizant,"Frankfurt, Hessen",2017-03-23T12:00,http://stellenanzeige.monster.de/java-backend-developer-m-w-job-frankfurt-hessen-deutschland-182142645.aspx?mescoid=1500128001001&jobPosition=1,27/03/2017
130,Junior Softwareentwickler Java (m/w),Deutsche Telekom AG,"Nürnberg, Bayern",2017-03-16T12:00,http://stellenanzeige.monster.de/junior-softwareentwickler-java-m-w-job-n%C3%BCrnberg-bayern-deutschland-180784139.aspx?mescoid=1500127001001&jobPosition=1,27/03/2017
131,Senior Java & Web Software-Entwickler/in (Backend),Gemalto,"München/Nähe Ostbahnhof, Bayern",2017-03-21T12:00,http://stellenanzeige.monster.de/senior-java-web-software-entwickler-in-backend-job-m%C3%BCnchen-n%C3%A4he-ostbahnhof-bayern-deutschland-169687029.aspx?mescoid=1500129001001&jobPosition=1,27/03/2017
132,Software-Architekt (m/w) mit dem Schwerpunkt Java,adesso AG,"Berlin,Dortmund,Essen",2017-03-27T12:00,http://stellenanzeige.monster.de/software-architekt-m-w-mit-dem-schwerpunkt-java-job-berlin-dortmund-essen-deutschland-166204458.aspx?mescoid=1500138001001&jobPosition=1,27/03/2017
133,Software Architekt (m/w) Java,MINT Solutions GmbH,"Niedersachsen, Niedersachsen",2017-03-14T12:00,http://stellenanzeige.monster.de/software-architekt-m-w-java-job-niedersachsen-niedersachsen-deutschland-170410596.aspx?mescoid=1500138001001&jobPosition=1,27/03/2017
134,Praktikum Softwareentwicklung Java Produktkonfigurator,CAS Software AG,"Karlsruhe, Baden-Württemberg",2017-03-24T12:00,http://stellenanzeige.monster.de/praktikum-softwareentwicklung-java-produktkonfigurator-job-karlsruhe-baden-w%C3%BCrttemberg-deutschland-173527348.aspx?mescoid=1500127001001&jobPosition=1,27/03/2017
135,Java Softwareentwickler (m/w) in Köln gesucht ab 60 Tsd. EUR,Ardekay IT Recruitment,"Köln, Nordrhein-Westfalen",2017-03-24T12:00,http://stellenanzeige.monster.de/java-softwareentwickler-m-w-in-k%C3%B6ln-gesucht-ab-60-tsd-eur-job-k%C3%B6ln-nordrhein-westfalen-deutschland-182186205.aspx?mescoid=1500127001001&jobPosition=1,27/03/2017
136,(Junior-) Softwareentwickler (m/w) für die neuesten Java-Anwendungen,DIS AG Geschäftsbereich Information Technology,"Montabaur, Rheinland-Pfalz",2017-03-14T12:00,http://stellenanzeige.monster.de/junior-softwareentwickler-m-w-f%C3%BCr-die-neuesten-java-anwendungen-job-montabaur-rheinland-pfalz-deutschland-181774914.aspx?mescoid=1500127001001&jobPosition=1,27/03/2017
137,Java-Entwickler (m/w),FERCHAU Engineering GmbH,"Zweibrücken, Rheinland-Pfalz",2017-03-22T12:00,http://stellenanzeige.monster.de/java-entwickler-m-w-job-zweibr%C3%BCcken-rheinland-pfalz-deutschland-180922316.aspx?mescoid=1500127001001&jobPosition=1,27/03/2017
138,Java-Entwickler (m/w),FERCHAU Engineering GmbH,"Frankfurt am Main, Hessen",2017-03-03T12:00,http://stellenanzeige.monster.de/java-entwickler-m-w-job-frankfurt-am-main-hessen-deutschland-180043689.aspx?mescoid=1500127001001&jobPosition=1,27/03/2017
139,Softwareentwickler Java für den Beratungsbereich Insurance (m/w),Sopra Steria Consulting,"München, Bayern",2017-03-23T12:00,http://stellenanzeige.monster.de/softwareentwickler-java-f%C3%BCr-den-beratungsbereich-insurance-m-w-job-m%C3%BCnchen-bayern-deutschland-181068656.aspx?mescoid=1500127001001&jobPosition=1,27/03/2017
140,Java Entwickler (m/w) in Dortmund gesucht (ab 55Tsd),Ardekay IT Recruitment,"Dortmund, Nordrhein-Westfalen",2017-03-22T12:00,http://stellenanzeige.monster.de/java-entwickler-m-w-in-dortmund-gesucht-ab-55tsd-job-dortmund-nordrhein-westfalen-deutschland-182120613.aspx?mescoid=1500127001001&jobPosition=1,27/03/2017
141,Sie sprechen Hybris? Java/Hybris Entwickler gesucht in München,Ardekay IT Recruitment,"München, Bayern",2017-03-16T12:00,http://stellenanzeige.monster.de/sie-sprechen-hybris-java-hybris-entwickler-gesucht-in-m%C3%BCnchen-job-m%C3%BCnchen-bayern-deutschland-180129049.aspx?mescoid=1500127001001&jobPosition=1,27/03/2017
142,Software Designer(m/w) Java & Web Technologies,Tata Consultancy Services Deutschland GmbH,"Düsseldorf / Frankfurt / München, Nordrhein-Westfalen",2016-11-07T12:00,http://stellenanzeige.monster.de/software-designer-m-w-java-web-technologies-job-d%C3%BCsseldorf-frankfurt-m%C3%BCnchen-nordrhein-westfalen-deutschland-175542643.aspx?mescoid=1500127001001&jobPosition=1,27/03/2017
143,"Anwendungsentwickler JAVA / JAVA SE, JAVA EE, Spring, XML, HTML, CSS (m/w)",Vesterling Personalberatung,"Hamburg, Hamburg",2017-03-17T12:00,http://stellenanzeige.monster.de/anwendungsentwickler-java-java-se-java-ee-spring-xml-html-css-m-w-job-hamburg-hamburg-deutschland-167877010.aspx?mescoid=1500127001001&jobPosition=1,27/03/2017
144,Java-Entwickler für Banken (m/w),Sopra Steria Consulting,"Hamburg, Hamburg",2017-03-27T12:00,http://stellenanzeige.monster.de/java-entwickler-f%C3%BCr-banken-m-w-job-hamburg-hamburg-deutschland-179565642.aspx?mescoid=1500127001001&jobPosition=1,27/03/2017
145,Project und Service Manager (m/w),Deutsche Telekom AG,Fulda,2017-03-22T12:11,http://stellenanzeige.monster.de/project-und-service-manager-m-w-job-fulda-deutschland-181010650.aspx?jobPosition=1,27/03/2017
146,Software Architect Telematics & Realtime Solutions (m/w),Deutsche Telekom AG,Ulm,2017-03-22T12:11,http://stellenanzeige.monster.de/software-architect-telematics-realtime-solutions-m-w-job-ulm-deutschland-181560058.aspx?jobPosition=2,27/03/2017
147,Junior IT-Entwickler Automotive (m/w),Deutsche Telekom AG,Karlsruhe,2017-03-21T12:09,http://stellenanzeige.monster.de/junior-it-entwickler-automotive-m-w-job-karlsruhe-deutschland-181516693.aspx?jobPosition=3,27/03/2017
148,SCM Senior IT-Architekt (m/w),Deutsche Telekom AG,Karlsruhe,2017-03-21T12:09,http://stellenanzeige.monster.de/scm-senior-it-architekt-m-w-job-karlsruhe-deutschland-181516863.aspx?jobPosition=4,27/03/2017
149,Master Data Management-Experte/ MDM (m/w),MINT Solutions GmbH,Stuttgart,2017-03-21T12:12,http://stellenanzeige.monster.de/master-data-management-experte-mdm-m-w-job-stuttgart-deutschland-174330499.aspx?jobPosition=5,27/03/2017
150,Senior Java Entwickler (m/w),MINT Solutions GmbH,"Bielefeld, Nordrhein-Westfalen",2017-03-20T12:00,http://stellenanzeige.monster.de/senior-java-entwickler-m-w-job-bielefeld-nordrhein-westfalen-deutschland-175986280.aspx?mescoid=1500127001001&jobPosition=1,27/03/2017
151,Java-Entwickler (m/w),FERCHAU Engineering GmbH,"Region Potsdam, Brandenburg",2017-03-08T12:00,http://stellenanzeige.monster.de/java-entwickler-m-w-job-region-potsdam-brandenburg-deutschland-178802376.aspx?mescoid=1500127001001&jobPosition=1,27/03/2017
152,Java Entwickler! Java Web Developer (m/w) Web Softwareentwickler Java in Düsseldorf,Ratbacher GmbH,"Düsseldorf, Nordrhein-Westfalen",2017-03-22T12:00,http://stellenanzeige.monster.de/java-entwickler!-java-web-developer-m-w-web-softwareentwickler-java-in-d%C3%BCsseldorf-job-d%C3%BCsseldorf-nordrhein-westfalen-deutschland-170073682.aspx?mescoid=1500129001001&jobPosition=1,27/03/2017
153,Java-Softwareentwickler (m/w),FERCHAU Engineering GmbH,"Köln und Bonn, Nordrhein-Westfalen",2017-03-17T12:00,http://stellenanzeige.monster.de/java-softwareentwickler-m-w-job-k%C3%B6ln-und-bonn-nordrhein-westfalen-deutschland-179277223.aspx?mescoid=1500127001001&jobPosition=1,27/03/2017
154,Java Developer (m/w),E.I.S. Konzept AG Elektronische Informations-Systeme,"Raum Darmstadt, Hessen",2017-03-23T12:00,http://stellenanzeige.monster.de/java-developer-m-w-job-raum-darmstadt-hessen-deutschland-179725558.aspx?mescoid=1500127001001&jobPosition=1,27/03/2017
155,Abschlussarbeit Softwareentwicklung Java Produktkonfigurator,CAS Software AG,"Karlsruhe, Baden-Württemberg",2017-03-17T12:00,http://stellenanzeige.monster.de/abschlussarbeit-softwareentwicklung-java-produktkonfigurator-job-karlsruhe-baden-w%C3%BCrttemberg-deutschland-173078254.aspx?mescoid=1500127001001&jobPosition=1,27/03/2017
156,Senior Java Architect (m/w),Deutsche Telekom AG,"Leinfelden-Echterdingen, Baden-Württemberg",2017-03-17T12:00,http://stellenanzeige.monster.de/senior-java-architect-m-w-job-leinfelden-echterdingen-baden-w%C3%BCrttemberg-deutschland-181376107.aspx?mescoid=1500127001001&jobPosition=1,27/03/2017
157,(Senior) Java Entwickler (m/w) in München,Computer Futures,"München, Bayern",2017-03-24T12:00,http://stellenanzeige.monster.de/senior-java-entwickler-m-w-in-m%C3%BCnchen-job-m%C3%BCnchen-bayern-deutschland-181657884.aspx?mescoid=1500127001001&jobPosition=1,27/03/2017
158,Java Backend Entwickler - Rhein-Erft Kreis,Progressive Recruitment,"Köln, Nordrhein-Westfalen",2017-03-22T12:00,http://stellenanzeige.monster.de/java-backend-entwickler-rhein-erft-kreis-job-k%C3%B6ln-nordrhein-westfalen-deutschland-180465905.aspx?mescoid=1500128001001&jobPosition=1,27/03/2017
159,(Senior) Java Softwareentwickler (m/w) für Wolfsburg,DIS AG Geschäftsbereich Information Technology,"Wolfsburg, Niedersachsen",2017-03-23T12:00,http://stellenanzeige.monster.de/senior-java-softwareentwickler-m-w-f%C3%BCr-wolfsburg-job-wolfsburg-niedersachsen-deutschland-182153023.aspx?mescoid=1500127001001&jobPosition=1,27/03/2017
160,Software Developer Java (m/w),TimoCom Soft- und Hardware GmbH,"Erkrath, Nordrhein-Westfalen",2017-03-21T12:00,http://stellenanzeige.monster.de/software-developer-java-m-w-job-erkrath-nordrhein-westfalen-deutschland-172175183.aspx?mescoid=1500127001001&jobPosition=1,27/03/2017
161,Java Lead Entwickler/Teamlead bis 90.000€ gesucht,Ardekay IT Recruitment,"München, Bayern",2017-03-19T12:00,http://stellenanzeige.monster.de/java-lead-entwickler-teamlead-bis-90-000%E2%82%AC-gesucht-job-m%C3%BCnchen-bayern-deutschland-181967481.aspx?mescoid=1500127001001&jobPosition=1,27/03/2017
162,Software Engineer (m/w) mit Schwerpunkt Java,Stiftung für Hochschulzulassung,"Berlin, Berlin",2017-03-14T12:00,http://stellenanzeige.monster.de/software-engineer-m-w-mit-schwerpunkt-java-job-berlin-berlin-deutschland-181226748.aspx?mescoid=1500127001001&jobPosition=1,27/03/2017
163,Software Entwickler JAVA (m/w),ISB AG,"Mainz, Rheinland-Pfalz",2017-03-14T12:00,http://stellenanzeige.monster.de/software-entwickler-java-m-w-job-mainz-rheinland-pfalz-deutschland-181220172.aspx?mescoid=1500127001001&jobPosition=1,27/03/2017
164,Java Developer (m/w),Computer Futures,"Dresden, Sachsen",2017-03-21T12:00,http://stellenanzeige.monster.de/java-developer-m-w-job-dresden-sachsen-deutschland-179986321.aspx?mescoid=1500127001001&jobPosition=1,27/03/2017
165,JAVA-Entwickler / Ganzheitliche Entwicklung von intern genutzten Anwendungen / Inhouse (m/w),Vesterling Personalberatung,"Bremen, Bremen",2017-03-17T12:00,http://stellenanzeige.monster.de/java-entwickler-ganzheitliche-entwicklung-von-intern-genutzten-anwendungen-inhouse-m-w-job-bremen-bremen-deutschland-167877007.aspx?mescoid=1500127001001&jobPosition=1,27/03/2017
166,Senior Java Softwareentwickler (m/w),orgavision GmbH,"Berlin, Berlin",2017-03-23T12:00,http://stellenanzeige.monster.de/senior-java-softwareentwickler-m-w-job-berlin-berlin-deutschland-173948952.aspx?mescoid=1500127001001&jobPosition=1,27/03/2017
167,Softwareentwickler JAVA (m/w),MPLT Consulting GmbH,"München, Bayern",2017-03-24T12:00,http://stellenanzeige.monster.de/softwareentwickler-java-m-w-job-m%C3%BCnchen-bayern-deutschland-170288033.aspx?mescoid=1500127001001&jobPosition=1,27/03/2017
168,Softwareentwickler (m/w) im Java-Umfeld,univativ GmbH & Co. KG,"Leinfelden-Echterdingen, Baden-Württemberg",2017-03-20T12:00,http://stellenanzeige.monster.de/softwareentwickler-m-w-im-java-umfeld-job-leinfelden-echterdingen-baden-w%C3%BCrttemberg-deutschland-169618905.aspx?mescoid=1500127001001&jobPosition=1,27/03/2017
169,Java-Entwickler (m/w) für reine Inhouse-Produktentwicklung,MINT Solutions GmbH,"Karlsruhe, Baden-Württemberg",2017-03-24T12:00,http://stellenanzeige.monster.de/java-entwickler-m-w-f%C3%BCr-reine-inhouse-produktentwicklung-job-karlsruhe-baden-w%C3%BCrttemberg-deutschland-165894698.aspx?mescoid=1500127001001&jobPosition=1,27/03/2017
170,(Senior) Software Entwickler (m/w),Mint Solutions GmbH,Stuttgart,2017-03-21T12:12,http://stellenanzeige.monster.de/senior-software-entwickler-m-w-job-stuttgart-deutschland-172513757.aspx?jobPosition=1,27/03/2017
171,Senior Security Engineer (m/w),Deutsche Telekom AG,Ulm,2017-03-20T05:49,http://stellenanzeige.monster.de/senior-security-engineer-m-w-job-ulm-deutschland-181980354.aspx?jobPosition=2,27/03/2017
172,IT Consultant Automotive (m/w),Deutsche Telekom AG,München,2017-03-20T12:07,http://stellenanzeige.monster.de/it-consultant-automotive-m-w-job-m%C3%BCnchen-deutschland-178869047.aspx?jobPosition=3,27/03/2017
173,"IT Consultant / Finance/Banking, Avaloq, Systemeinführungen (m/w)",Vesterling Personalberatung,Zürich (Schweiz),2017-03-17T12:07,http://stellenanzeige.monster.de/it-consultant-finance-banking-avaloq-systemeinf%C3%BChrungen-m-w-job-z%C3%BCrich-schweiz-schweiz-167878312.aspx?jobPosition=4,27/03/2017
174,(Senior) Consultant (m/w) Softwarearchitektur,MINT Solutions GmbH,Berlin,2017-03-17T12:10,http://stellenanzeige.monster.de/senior-consultant-m-w-softwarearchitektur-job-berlin-deutschland-176702862.aspx?jobPosition=5,27/03/2017
175,Anwendungsentwickler (m/w) Java,FERCHAU Engineering GmbH,"Raum Wuppertal, Nordrhein-Westfalen",2017-03-09T12:00,http://stellenanzeige.monster.de/anwendungsentwickler-m-w-java-job-raum-wuppertal-nordrhein-westfalen-deutschland-181601859.aspx?mescoid=1500127001001&jobPosition=1,27/03/2017
176,Software Engineer (m/w) mit dem Schwerpunkt Java,adesso AG,"Berlin,Dortmund,Essen",2017-03-27T12:00,http://stellenanzeige.monster.de/software-engineer-m-w-mit-dem-schwerpunkt-java-job-berlin-dortmund-essen-deutschland-166204297.aspx?mescoid=1500127001001&jobPosition=1,27/03/2017
177,"IT-Consultant m/w - Softwareentwicklung (Java, JavaScript, Mobile)",Computacenter AG & Co. oHG,"Hamburg, Hamburg",2017-03-24T12:00,http://stellenanzeige.monster.de/it-consultant-m-w-softwareentwicklung-java-javascript-mobile-job-hamburg-hamburg-deutschland-169005182.aspx?mescoid=1500123001001&jobPosition=1,27/03/2017
178,Softwareentwickler Java / Web Services Umfeld (m/w),ISS Software GmbH,"Hamburg, Hamburg",2017-03-24T12:00,http://stellenanzeige.monster.de/softwareentwickler-java-web-services-umfeld-m-w-job-hamburg-hamburg-deutschland-179774245.aspx?mescoid=1500127001001&jobPosition=1,27/03/2017
179,(Senior) Software Entwickler (m/w) mit dem Schwerpunkt Java,adesso insurance solutions GmbH,"Dortmund, Nordrhein-Westfalen",2017-03-23T12:00,http://stellenanzeige.monster.de/senior-software-entwickler-m-w-mit-dem-schwerpunkt-java-job-dortmund-nordrhein-westfalen-deutschland-174506324.aspx?mescoid=1500127001001&jobPosition=1,27/03/2017
180,"Senior Software Engineer (m/w) Cloud, IoT und Industrie 4.0 (Java)",adesso AG,"Nürnberg, Bayern",2017-03-21T12:00,http://stellenanzeige.monster.de/senior-software-engineer-m-w-cloud-iot-und-industrie-4-0-java-job-n%C3%BCrnberg-bayern-deutschland-177903689.aspx?mescoid=1500128001001&jobPosition=1,27/03/2017
181,Triebwerk Java Entwickler (m/w) gesucht (ab 45 Tsd. EUR),Ardekay IT Recruitment,"Rheinland-Pfalz, Rheinland-Pfalz",2017-03-20T12:00,http://stellenanzeige.monster.de/triebwerk-java-entwickler-m-w-gesucht-ab-45-tsd-eur-job-rheinland-pfalz-rheinland-pfalz-deutschland-181991294.aspx?mescoid=1500127001001&jobPosition=1,27/03/2017
182,Direktvermittlung: Senior Java-Entwickler (m/w),DIS AG Geschäftsbereich Information Technology,"Frankfurt am Main, Hessen",2017-03-20T12:00,http://stellenanzeige.monster.de/direktvermittlung-senior-java-entwickler-m-w-job-frankfurt-am-main-hessen-deutschland-180343085.aspx?mescoid=1500127001001&jobPosition=1,27/03/2017
183,Softwareentwickler JAVA / Produktentwicklung im Bereich IoT / bis 65.000 € / Inhouse (m/w),Vesterling Personalberatung,"München, Bayern",2017-03-17T12:00,http://stellenanzeige.monster.de/softwareentwickler-java-produktentwicklung-im-bereich-iot-bis-65-000-%E2%82%AC-inhouse-m-w-job-m%C3%BCnchen-bayern-deutschland-167878597.aspx?mescoid=1500127001001&jobPosition=1,27/03/2017
184,Java Entwickler (m/w) Junior & Senior Positionen im Ruhrgebiet [SNr. 14509],PERIT Consulting GmbH & Co. KG.,"Dortmund, Nordrhein-Westfalen",2017-03-24T12:00,http://stellenanzeige.monster.de/java-entwickler-m-w-junior-senior-positionen-im-ruhrgebiet-snr-14509-job-dortmund-nordrhein-westfalen-deutschland-182194340.aspx?mescoid=1500127001001&jobPosition=1,27/03/2017
185,Java Software Architekt (m/w) für Hochlastsysteme ohne Reisetätigkeit gesucht,MINT Solutions GmbH,"Karlsruhe, Baden-Württemberg",2017-03-21T12:00,http://stellenanzeige.monster.de/java-software-architekt-m-w-f%C3%BCr-hochlastsysteme-ohne-reiset%C3%A4tigkeit-gesucht-job-karlsruhe-baden-w%C3%BCrttemberg-deutschland-166970738.aspx?mescoid=1500138001001&jobPosition=1,27/03/2017
186,Java Software Entwickler (m/w) mit Kundenkontakt,MINT Solutions GmbH,"Hamburg, Hamburg",2017-03-20T12:00,http://stellenanzeige.monster.de/java-software-entwickler-m-w-mit-kundenkontakt-job-hamburg-hamburg-deutschland-170130464.aspx?mescoid=1500127001001&jobPosition=1,27/03/2017
187,Senior Java Engineer/Entwickler/Ingenieur (m/w),Vision Recruitment,"Berlin, Berlin",2017-03-20T12:00,http://stellenanzeige.monster.de/senior-java-engineer-entwickler-ingenieur-m-w-job-berlin-berlin-deutschland-181473105.aspx?mescoid=1500127001001&jobPosition=1,27/03/2017
188,Softwarearchitekt Java (m/w),FERCHAU Engineering GmbH,"Raum Mannheim, Baden-Württemberg",2017-03-04T12:00,http://stellenanzeige.monster.de/softwarearchitekt-java-m-w-job-raum-mannheim-baden-w%C3%BCrttemberg-deutschland-178566178.aspx?mescoid=1500138001001&jobPosition=1,27/03/2017
189,Java-Entwickler (m/w),FERCHAU Engineering GmbH,"Stuttgart, Baden-Württemberg",2017-03-03T12:00,http://stellenanzeige.monster.de/java-entwickler-m-w-job-stuttgart-baden-w%C3%BCrttemberg-deutschland-180067620.aspx?mescoid=1500127001001&jobPosition=1,27/03/2017
190,Senior Software Engineer Java (m/w),Daimler TSS GmbH,"Leinfelden-Echterdingen, Baden-Württemberg",2017-03-27T12:00,http://stellenanzeige.monster.de/senior-software-engineer-java-m-w-job-leinfelden-echterdingen-baden-w%C3%BCrttemberg-deutschland-177134804.aspx?mescoid=1500127001001&jobPosition=1,27/03/2017
191,Java Software Entwickler (m/w) im Finance-Sektor,Computer Futures,"Nürnberg, Bayern",2017-03-27T12:00,http://stellenanzeige.monster.de/java-software-entwickler-m-w-im-finance-sektor-job-n%C3%BCrnberg-bayern-deutschland-181728260.aspx?mescoid=1500127001001&jobPosition=1,27/03/2017
192,"Java Softwareentwickler(m/w), Schwäbisch Hall, Festanstellung",Computer Futures,"Schwäbisch Hall, Baden-Württemberg",2017-03-21T12:00,http://stellenanzeige.monster.de/java-softwareentwickler-m-w-schw%C3%A4bisch-hall-festanstellung-job-schw%C3%A4bisch-hall-baden-w%C3%BCrttemberg-deutschland-180389175.aspx?mescoid=1500127001001&jobPosition=1,27/03/2017
193,Senior Java Softwareentwickler (w/m),Sulzer GmbH,"München, Bayern",2017-03-17T12:00,http://stellenanzeige.monster.de/senior-java-softwareentwickler-w-m-job-m%C3%BCnchen-bayern-deutschland-181910163.aspx?mescoid=1500127001001&jobPosition=1,27/03/2017
194,Java Software Developer (m/f) Division Payment & Risk,Wirecard Technologies GmbH,"Aschheim, Bayern",2017-03-15T12:00,http://stellenanzeige.monster.de/java-software-developer-m-f-division-payment-risk-job-aschheim-bayern-deutschland-175717064.aspx?mescoid=1500127001001&jobPosition=1,27/03/2017
195,Project und Service Manager (m/w),Deutsche Telekom AG,"Berlin,",2017-03-17T12:11,http://stellenanzeige.monster.de/project-und-service-manager-m-w-job-berlin-deutschland-180823724.aspx?jobPosition=1,27/03/2017
196,DevOps-Experte (m/w) für IT-Projektgeschäft ohne Reisetätigkeit,MINT Solutions GmbH,Stuttgart,2017-03-16T12:04,http://stellenanzeige.monster.de/devops-experte-m-w-f%C3%BCr-it-projektgesch%C3%A4ft-ohne-reiset%C3%A4tigkeit-job-stuttgart-deutschland-167335911.aspx?jobPosition=2,27/03/2017
197,Senior System Architekt / Developer IoT Plattformen (m/w),Deutsche Telekom AG,Berlin,2017-03-15T04:34,http://stellenanzeige.monster.de/senior-system-architekt-developer-iot-plattformen-m-w-job-berlin-deutschland-181810147.aspx?jobPosition=3,27/03/2017
198,Senior Embedded Developer NB IoT (m/w),Deutsche Telekom AG,Berlin,2017-03-15T03:27,http://stellenanzeige.monster.de/senior-embedded-developer-nb-iot-m-w-job-berlin-deutschland-181808414.aspx?jobPosition=4,27/03/2017
199,Prozess Designer/Analyst eCommerce Plattformen (m/w),Deutsche Telekom AG,Bonn,2017-03-15T12:09,http://stellenanzeige.monster.de/prozess-designer-analyst-ecommerce-plattformen-m-w-job-bonn-deutschland-180049829.aspx?jobPosition=5,27/03/2017
200,Technical Lead (m/w) Java,Tata Consultancy Services Deutschland GmbH,"Frankfurt / Düsseldorf / München, Hessen",2016-11-07T12:00,http://stellenanzeige.monster.de/technical-lead-m-w-java-job-frankfurt-d%C3%BCsseldorf-m%C3%BCnchen-hessen-deutschland-175542935.aspx?mescoid=1100041001001&jobPosition=1,27/03/2017
201,Java Entwickler (m/w),Computer Futures,"München, Bayern",2017-03-22T12:00,http://stellenanzeige.monster.de/java-entwickler-m-w-job-m%C3%BCnchen-bayern-deutschland-180744855.aspx?mescoid=1500127001001&jobPosition=1,27/03/2017
202,Java-Entwickler- Portal und Webservices (m/w),Hays AG - intern,"Mannheim, Baden-Württemberg",2017-03-27T12:00,http://stellenanzeige.monster.de/java-entwickler-portal-und-webservices-m-w-job-mannheim-baden-w%C3%BCrttemberg-deutschland-181721850.aspx?mescoid=1500129001001&jobPosition=1,27/03/2017
203,Anwendungsentwickler (m/w) Java,DIS AG Geschäftsbereich Information Technology,"Baden-Baden, Baden-Württemberg",2017-03-24T12:00,http://stellenanzeige.monster.de/anwendungsentwickler-m-w-java-job-baden-baden-baden-w%C3%BCrttemberg-deutschland-179784926.aspx?mescoid=1500127001001&jobPosition=1,27/03/2017
204,Senior Software Engineer (Java/Web),Personality IT People Power GmbH,"Ulm, Baden-Württemberg",2017-03-27T12:00,http://stellenanzeige.monster.de/senior-software-engineer-java-web-job-ulm-baden-w%C3%BCrttemberg-deutschland-181759976.aspx?mescoid=1500127001001&jobPosition=1,27/03/2017
205,Java Softwareentwickler (m/w),auteega GmbH,"Karlsruhe, Baden-Württemberg",2017-03-24T12:00,http://stellenanzeige.monster.de/java-softwareentwickler-m-w-job-karlsruhe-baden-w%C3%BCrttemberg-deutschland-180827572.aspx?mescoid=1500127001001&jobPosition=1,27/03/2017
206,Junior Java-Entwickler (M/W),Deutsche Telekom AG,"Karlsruhe, Baden-Württemberg",2017-03-21T12:00,http://stellenanzeige.monster.de/junior-java-entwickler-m-w-job-karlsruhe-baden-w%C3%BCrttemberg-deutschland-181517916.aspx?mescoid=1500127001001&jobPosition=1,27/03/2017
207,Agile Software Engineer Java im Team Java & PAI (m/w),Daimler TSS GmbH,"Stuttgart, Baden-Württemberg",2017-03-22T12:00,http://stellenanzeige.monster.de/agile-software-engineer-java-im-team-java-pai-m-w-job-stuttgart-baden-w%C3%BCrttemberg-deutschland-178986447.aspx?mescoid=1500127001001&jobPosition=1,27/03/2017
208,Java Auto-Fan (m/w) in Koblenz gesucht (ab 45 Tsd EUR),Ardekay IT Recruitment,"Koblenz, Rheinland-Pfalz",2017-03-15T12:00,http://stellenanzeige.monster.de/java-auto-fan-m-w-in-koblenz-gesucht-ab-45-tsd-eur-job-koblenz-rheinland-pfalz-deutschland-181826181.aspx?mescoid=1500127001001&jobPosition=1,27/03/2017
209,Software-Ingenieur (m/w) Java Production Platforms,thyssenkrupp Steel Europe AG,"Duisburg, Nordrhein-Westfalen",2017-03-22T12:00,http://stellenanzeige.monster.de/software-ingenieur-m-w-java-production-platforms-job-duisburg-nordrhein-westfalen-deutschland-182099438.aspx?mescoid=1500127001001&jobPosition=1,27/03/2017
210,"Java Softwareentwickler Teamlead Mentalität (m/w), Pforzheim",Computer Futures,"Pforzheim, Baden-Württemberg",2017-03-21T12:00,http://stellenanzeige.monster.de/java-softwareentwickler-teamlead-mentalit%C3%A4t-m-w-pforzheim-job-pforzheim-baden-w%C3%BCrttemberg-deutschland-180389278.aspx?mescoid=1100011001001&jobPosition=1,27/03/2017
211,Jump Start- Programmiersprachen Java/ SAP ABAP,Accenture,"Frankfurt, Düsseldorf, Stuttgart",2017-03-16T12:00,http://stellenanzeige.monster.de/jump-start-programmiersprachen-java-sap-abap-job-frankfurt-d%C3%BCsseldorf-stuttgart-deutschland-181339143.aspx?mescoid=1500127001001&jobPosition=1,27/03/2017
212,Softwareentwickler (m/w) Java,MAN Truck & Bus,"München, Bayern",2017-03-21T12:00,http://stellenanzeige.monster.de/softwareentwickler-m-w-java-job-m%C3%BCnchen-bayern-deutschland-166959884.aspx?mescoid=1500127001001&jobPosition=1,27/03/2017
213,Softwareentwickler Java/JavaScript / Schwerpunkt Web-Entwicklung / bis 70.000 € / Inhouse (m/w),Vesterling Personalberatung,"Memmingen - West, Bayern",2017-03-17T12:00,http://stellenanzeige.monster.de/softwareentwickler-java-javascript-schwerpunkt-web-entwicklung-bis-70-000-%E2%82%AC-inhouse-m-w-job-memmingen-west-bayern-deutschland-167877826.aspx?mescoid=1500127001001&jobPosition=1,27/03/2017
214,Senior Software Engineer (m/w) mit dem Schwerpunkt Java,adesso AG,"Berlin,Dortmund,Essen",2017-03-27T12:00,http://stellenanzeige.monster.de/senior-software-engineer-m-w-mit-dem-schwerpunkt-java-job-berlin-dortmund-essen-deutschland-166204452.aspx?mescoid=1500127001001&jobPosition=1,27/03/2017
215,(Senior) Softwareentwickler Java im Versicherungsumfeld,MINT Solutions GmbH,"Köln, Nordrhein-Westfalen",2017-03-27T12:00,http://stellenanzeige.monster.de/senior-softwareentwickler-java-im-versicherungsumfeld-job-k%C3%B6ln-nordrhein-westfalen-deutschland-176449136.aspx?mescoid=1500127001001&jobPosition=1,27/03/2017
216,"IT-Consultant m/w - Softwareentwicklung (Java, JavaScript, Mobile)",Computacenter AG & Co. oHG,"Berlin, Hamburg",2017-03-24T12:00,http://stellenanzeige.monster.de/it-consultant-m-w-softwareentwicklung-java-javascript-mobile-job-berlin-hamburg-deutschland-165621866.aspx?mescoid=1500123001001&jobPosition=1,27/03/2017
217,Software Engineer Java (m/w),adesso AG,"Hannover, Niedersachsen",2017-03-22T12:00,http://stellenanzeige.monster.de/software-engineer-java-m-w-job-hannover-niedersachsen-deutschland-176607305.aspx?mescoid=1500127001001&jobPosition=1,27/03/2017
218,Software Entwickler JAVA (m/w),adesso insurance solutions GmbH,"Dortmund, Nordrhein-Westfalen",2017-03-22T12:00,http://stellenanzeige.monster.de/software-entwickler-java-m-w-job-dortmund-nordrhein-westfalen-deutschland-167527542.aspx?mescoid=1500127001001&jobPosition=1,27/03/2017
219,Java Fullstack Developer (m/w),MINT Solutions GmbH,"Köln, Nordrhein-Westfalen",2017-03-17T12:00,http://stellenanzeige.monster.de/java-fullstack-developer-m-w-job-k%C3%B6ln-nordrhein-westfalen-deutschland-172338991.aspx?mescoid=1500127001001&jobPosition=1,27/03/2017
220,Solution Delivery Manager (m/w) User Lifecycle Product,MINT Solutions GmbH,Düsseldorf,2017-03-15T12:10,http://stellenanzeige.monster.de/solution-delivery-manager-m-w-user-lifecycle-product-job-d%C3%BCsseldorf-deutschland-167810677.aspx?jobPosition=1,27/03/2017
221,"Qualitätsingenieur Software / Produktumfeld, neue Releases, Testautomatisierung / Inhouse (m/w)",Vesterling Personalberatung,Salzburg (Österreich),2017-03-15T12:11,http://stellenanzeige.monster.de/qualit%C3%A4tsingenieur-software-produktumfeld-neue-releases-testautomatisierung-inhouse-m-w-job-salzburg-%C3%B6sterreich-%C3%B6sterreich-180076367.aspx?jobPosition=2,27/03/2017
222,Machine Learning Experte (m/w),Deutsche Telekom AG,Darmstadt,2017-03-14T04:49,http://stellenanzeige.monster.de/machine-learning-experte-m-w-job-darmstadt-deutschland-181766580.aspx?jobPosition=3,27/03/2017
223,IT-Architect Vernetztes Fahrzeug (m/w),Deutsche Telekom AG,Ulm,2017-03-14T12:06,http://stellenanzeige.monster.de/it-architect-vernetztes-fahrzeug-m-w-job-ulm-deutschland-178552787.aspx?jobPosition=4,27/03/2017
224,Junior IT Consultant Automotive (m/w) Standort München,Deutsche Telekom AG,München,2017-03-14T12:09,http://stellenanzeige.monster.de/junior-it-consultant-automotive-m-w-standort-m%C3%BCnchen-job-m%C3%BCnchen-deutschland-179327244.aspx?jobPosition=5,27/03/2017
225,Junior Java Software Entwickler (w/m) im Großraum Frankfurt,MINT Solutions GmbH,"Bensheim, Hessen",2017-03-16T12:00,http://stellenanzeige.monster.de/junior-java-software-entwickler-w-m-im-gro%C3%9Fraum-frankfurt-job-bensheim-hessen-deutschland-171066283.aspx?mescoid=1500127001001&jobPosition=1,27/03/2017
226,Java Web Frontend Architekt (m/w) für Inhouseposition in München gesucht!,MINT Solutions GmbH,"München, Bayern",2017-03-16T12:00,http://stellenanzeige.monster.de/java-web-frontend-architekt-m-w-f%C3%BCr-inhouseposition-in-m%C3%BCnchen-gesucht!-job-m%C3%BCnchen-bayern-deutschland-179432170.aspx?mescoid=1500127001001&jobPosition=1,27/03/2017
227,Software Engineer (m/w) Java,MINT Solutions GmbH,"Niedersachsen, Niedersachsen",2017-03-14T12:00,http://stellenanzeige.monster.de/software-engineer-m-w-java-job-niedersachsen-niedersachsen-deutschland-170410324.aspx?mescoid=1500127001001&jobPosition=1,27/03/2017
228,Direktvermittlung: Senior Java Entwickler (m/w),DIS AG Geschäftsbereich Information Technology,"Wiesbaden, Hessen",2017-03-14T12:00,http://stellenanzeige.monster.de/direktvermittlung-senior-java-entwickler-m-w-job-wiesbaden-hessen-deutschland-181774909.aspx?mescoid=1500127001001&jobPosition=1,27/03/2017
229,Java-Entwickler PA FEW (m/w),DEKRA SE,"Stuttgart, Baden-Württemberg",2017-03-17T12:00,http://stellenanzeige.monster.de/java-entwickler-pa-few-m-w-job-stuttgart-baden-w%C3%BCrttemberg-deutschland-181379385.aspx?mescoid=1500127001001&jobPosition=1,27/03/2017
230,Java Entwickler! JAVA Web Developer (m/w) Web Softwareentwickler JAVA in München,Ratbacher GmbH,"München, Bayern",2017-03-27T12:00,http://stellenanzeige.monster.de/java-entwickler!-java-web-developer-m-w-web-softwareentwickler-java-in-m%C3%BCnchen-job-m%C3%BCnchen-bayern-deutschland-169891700.aspx?mescoid=1500129001001&jobPosition=1,27/03/2017
231,Java Entwickler! Java Web Developer (m/w) Web Softwareentwickler Java in Frankfurt am Main,Ratbacher GmbH,"Frankfurt am Main, Hessen",2017-03-25T12:00,http://stellenanzeige.monster.de/java-entwickler!-java-web-developer-m-w-web-softwareentwickler-java-in-frankfurt-am-main-job-frankfurt-am-main-hessen-deutschland-170133270.aspx?mescoid=1500129001001&jobPosition=1,27/03/2017
232,Java Developer (m/w),techmatrix consulting GmbH,"Ingolstadt, Bayern",2017-03-22T12:00,http://stellenanzeige.monster.de/java-developer-m-w-job-ingolstadt-bayern-deutschland-182109261.aspx?mescoid=1500127001001&jobPosition=1,27/03/2017
233,Webentwickler Java/JavaScript / Frontend- oder Backend-Entwicklung in einer Agentur / Inhouse (m/w),Vesterling Personalberatung,"Dresden, Sachsen",2017-03-17T12:00,http://stellenanzeige.monster.de/webentwickler-java-javascript-frontend-oder-backend-entwicklung-in-einer-agentur-inhouse-m-w-job-dresden-sachsen-deutschland-167878018.aspx?mescoid=1500127001001&jobPosition=1,27/03/2017
234,Senior Java Entwickler im Rundfunk-Umfeld,MINT Solutions GmbH,"Bonn, Nordrhein-Westfalen",2017-03-16T12:00,http://stellenanzeige.monster.de/senior-java-entwickler-im-rundfunk-umfeld-job-bonn-nordrhein-westfalen-deutschland-181336616.aspx?mescoid=1500127001001&jobPosition=1,27/03/2017
235,inhouse Lead Architekt (m/w) im Java Bereich für Automobilhersteller,MINT Solutions GmbH,"Ingolstadt, Bayern",2017-03-16T12:00,http://stellenanzeige.monster.de/inhouse-lead-architekt-m-w-im-java-bereich-f%C3%BCr-automobilhersteller-job-ingolstadt-bayern-deutschland-173963541.aspx?mescoid=1500138001001&jobPosition=1,27/03/2017
236,IT Berater / Java Consultant Architektur (m/w),MINT Solutions GmbH,"Düsseldorf, Nordrhein-Westfalen",2017-03-15T12:00,http://stellenanzeige.monster.de/it-berater-java-consultant-architektur-m-w-job-d%C3%BCsseldorf-nordrhein-westfalen-deutschland-175711059.aspx?mescoid=1500123001001&jobPosition=1,27/03/2017
237,Java-Entwickler / Berater (m/w),mindbit GmbH,"Bielefeld, Nordrhein-Westfalen",2017-03-15T12:00,http://stellenanzeige.monster.de/java-entwickler-berater-m-w-job-bielefeld-nordrhein-westfalen-deutschland-181807977.aspx?mescoid=1500127001001&jobPosition=1,27/03/2017
238,Professional Java Developer (M/W) Ecommerce,Personality IT People Power GmbH,"München, Bayern",2017-03-14T12:00,http://stellenanzeige.monster.de/professional-java-developer-m-w-ecommerce-job-m%C3%BCnchen-bayern-deutschland-181804491.aspx?mescoid=1500127001001&jobPosition=1,27/03/2017
239,Full Stack Developer Java (m/w),Cognizant,"Munich, Bayern",2017-03-14T12:00,http://stellenanzeige.monster.de/full-stack-developer-java-m-w-job-munich-bayern-deutschland-181801767.aspx?mescoid=1500127001001&jobPosition=1,27/03/2017
240,Agile Software Engineer Java (m/w),Daimler TSS GmbH,"Ulm, Baden-Württemberg",2017-03-27T12:00,http://stellenanzeige.monster.de/agile-software-engineer-java-m-w-job-ulm-baden-w%C3%BCrttemberg-deutschland-177134378.aspx?mescoid=1500127001001&jobPosition=1,27/03/2017
241,Advanced Java-Entwickler (m/w),1&1,"Karlsruhe, Baden-Württemberg",2017-03-24T12:00,http://stellenanzeige.monster.de/advanced-java-entwickler-m-w-job-karlsruhe-baden-w%C3%BCrttemberg-deutschland-166401221.aspx?mescoid=1500127001001&jobPosition=1,27/03/2017
242,Agile Software Engineer Java für Car Configurator (m/w),Daimler TSS GmbH,"Ulm, Baden-Württemberg",2017-03-23T12:00,http://stellenanzeige.monster.de/agile-software-engineer-java-f%C3%BCr-car-configurator-m-w-job-ulm-baden-w%C3%BCrttemberg-deutschland-169191038.aspx?mescoid=1500127001001&jobPosition=1,27/03/2017
243,Java Backend Entwickler im CoreMedia Umfeld (m/w),Computer Futures,"Düsseldorf, Nordrhein-Westfalen",2017-03-23T12:00,http://stellenanzeige.monster.de/java-backend-entwickler-im-coremedia-umfeld-m-w-job-d%C3%BCsseldorf-nordrhein-westfalen-deutschland-182158047.aspx?mescoid=1500128001001&jobPosition=1,27/03/2017
244,Full-Stack-Developer Java-Entwicklung in Leipzig oder Berlin für den Bereich Energy-Utilities (m/w),Sopra Steria Consulting,"Leipzig, Sachsen",2017-03-23T12:00,http://stellenanzeige.monster.de/full-stack-developer-java-entwicklung-in-leipzig-oder-berlin-f%C3%BCr-den-bereich-energy-utilities-m-w-job-leipzig-sachsen-deutschland-179717895.aspx?mescoid=1500127001001&jobPosition=1,27/03/2017
245,Web Entwickler (m/w) Prozessmanagement,MINT Solutions GmbH,Aachen,2017-03-14T12:10,http://stellenanzeige.monster.de/web-entwickler-m-w-prozessmanagement-job-aachen-deutschland-172179250.aspx?jobPosition=1,27/03/2017
246,Junior IT Architect (m/w) Automotive Standort München,Deutsche Telekom AG,München,2017-03-14T12:10,http://stellenanzeige.monster.de/junior-it-architect-m-w-automotive-standort-m%C3%BCnchen-job-m%C3%BCnchen-deutschland-179312223.aspx?jobPosition=2,27/03/2017
247,Senior Industry Consultant SAP HANA (m/w),Deutsche Telekom AG,Berlin,2017-03-14T12:11,http://stellenanzeige.monster.de/senior-industry-consultant-sap-hana-m-w-job-berlin-deutschland-179980964.aspx?jobPosition=3,27/03/2017
248,Consultant SAP Solution Manager (m/w),Deutsche Telekom AG,Wolfsburg,2017-03-14T12:11,http://stellenanzeige.monster.de/consultant-sap-solution-manager-m-w-job-wolfsburg-deutschland-179981101.aspx?jobPosition=4,27/03/2017
249,Junior Business Consultant Automotive (m/w) München,Deutsche Telekom AG,München,2017-03-14T12:11,http://stellenanzeige.monster.de/junior-business-consultant-automotive-m-w-m%C3%BCnchen-job-m%C3%BCnchen-deutschland-179309173.aspx?jobPosition=5,27/03/2017
